ubigeo,ambito,nombre,provincia,departamento,razon,actas_pct,donor_ubigeo,donor_nombre,scope
070913,1,Villa Kintiarina,La Convención,Cusco,0% actas contabilizadas,0.0,050410+050409+050402,Anchihuay+Samugari+Anco,"centroide (8.5 km, 21.7 km, 24.9 km)"
070912,1,Villa Virgen,La Convención,Cusco,0% actas contabilizadas,0.0,050410+050402+050405,Anchihuay+Anco+Chungui,"centroide (17.2 km, 22.0 km, 27.1 km)"
100505,1,Tibillo,Palpa,Ica,0% actas contabilizadas,0.0,080602+080612+080606,Córdova+San Isidro+Ocoyo,"centroide (6.1 km, 16.9 km, 18.7 km)"
911201,2,Acra,Ghana,África,0% actas contabilizadas,0.0,910603,Pretoria,departamento
920224,2,Catamarca,Argentina,América,0% actas contabilizadas,0.0,920226,La Rioja,provincia
920208,2,Salta,Argentina,América,0% actas contabilizadas,0.0,920207,Rosario De Santa Fe,provincia
921102,2,Loja,Ecuador,América,0% actas contabilizadas,0.0,921101,Guayaquil,provincia
922403,2,Santiago De Los Caballeros,República Dominicana,América,0% actas contabilizadas,0.0,922401,Santo Domingo,provincia
922802,2,Caracas,Venezuela,América,0% actas contabilizadas,0.0,922701,Montevideo,departamento
931904,2,Riad,Arabia Saudita,Asia,0% actas contabilizadas,0.0,932002,Hanói,departamento
933801,2,Doha,Catar,Asia,0% actas contabilizadas,0.0,933201,Manila,departamento
933702,2,Abu Dabi,Emiratos Árabes Unidos,Asia,0% actas contabilizadas,0.0,933201,Manila,departamento
933701,2,Dubái,Emiratos Árabes Unidos,Asia,0% actas contabilizadas,0.0,933201,Manila,departamento
932401,2,Teheran,Irán,Asia,0% actas contabilizadas,0.0,932501,Singapur,departamento
930602,2,Tel Aviv,Israel,Asia,0% actas contabilizadas,0.0,930703,Tokio,departamento
930603,2,Ramla,Israel,Asia,0% actas contabilizadas,0.0,930703,Tokio,departamento
932801,2,Al - Kuwait,Kuwait,Asia,0% actas contabilizadas,0.0,933001,Kuala Lumpur,departamento
931302,2,Amman,Jordania,Asia,0% actas contabilizadas,0.0,931501,Estambul,departamento
930801,2,Beirut,Líbano,Asia,0% actas contabilizadas,0.0,930736,Shiga,departamento
940922,2,Vigo,España,Europa,0% actas contabilizadas,0.0,940920,Valencia,provincia
941103,2,Estrasburgo,Francia,Europa,0% actas contabilizadas,0.0,941101,Burdeos,provincia
941106,2,Marsella,Francia,Europa,0% actas contabilizadas,0.0,941107,Niza,provincia
941301,2,Atenas,Grecia,Europa,0% actas contabilizadas,0.0,941204,Londres,departamento
943701,2,Skopie,Macedonia,Europa,0% actas contabilizadas,0.0,943601,Minsk,departamento
944202,2,Andorra La Vella,Principado De Andorra,Europa,0% actas contabilizadas,0.0,943601,Minsk,departamento
942910,2,San Petersburgo,Rusia,Europa,0% actas contabilizadas,0.0,942901,Moscú,provincia
